{
  "posterior commissure hypertrophy": "5eeddb39-3701-4ae3-bd46-7118dbd2e237.png",
  "ventricular obliteration": "d85527f1-f3f6-4367-a6ee-f87ef94f9d5e.png",
  "polypoid degeneration of the middle turbinate": "af6cd9e6-ac24-4dd3-901e-12e34421be4f.png",
  "a spur on the septum": "0ff848bc-296c-4ce6-b47c-16ac21b2bb4a.png",
  "the tympanic membrane is intact": "4070f0fa-d2cf-410e-b371-31e16235549d.png",
  "the cone of light is visualized": "2a12b738-1ba9-4a0f-a18b-a3ef696e2dd3.png",
  "suspected of polyp": "c073f163-c947-45a1-bb26-8311cddc7cb2.png",
  "the vocal cords are erythematous": "26afc54b-333a-4906-bf95-7a3261213337.png",
  "edema of the vocal cords": "c8c7a277-8c28-43b6-a4d1-55251b9354ef.png",
  "the nasal mucosa is pale": "5e62ae0c-21b7-4bc9-884d-c1625dc8f0c2.png",
  "the external auditory canal is erythematous": "9f5c056f-8d89-420e-b10d-f6d2db11842a.png",
  "the tympanic membrane is intact but thickened": "0e0875fd-f7ca-40c0-b2e6-ad17ce777e22.png",
  "the cone of light is not visualized": "c12af34f-d10d-4ede-bd59-44da48a55a7f.png",
  "the nasopharynx is erythematous": "bdc91c45-c797-4374-813a-5a7379fa0221.png",
  "the middle turbinate mucosa is pale": "a383ef8a-a6bf-4530-8050-38d83ce4de04.png",
  "tonsillar hypertrophy": "c2980091-fa22-4a24-bce5-423d0efd83f4.png",
  "lingual tonsillar hypertrophy": "c2980091-fa22-4a24-bce5-423d0efd83f4.png",
  "presence of nasal watery discharge": "b46970f1-d4d7-430e-983f-1773d4ff41bb.png",
  "mucus on the nasopharynx": "f7da18a1-1a30-4aec-a6ef-6a554bbb12dd.png",
  "the tympanic membrane is intact but slightly thickened": "f3ef43a5-fc40-4662-a17e-e6bad2f6c121.png",
  "whitish mucus in the nasal cavity": "2eba82c0-f28c-4be1-80a1-94fa46311ef9.png",
  "enlargement of the uncinate process and ethmoid bulla": "5cd0c06f-58c6-4694-8e55-edaa507d742a.png",
  "erythema of the nasopharynx": "028387f6-f419-46f1-9a6a-e88e4d12748f.png",
  "the vocal cords are edematous": "c8c7a277-8c28-43b6-a4d1-55251b9354ef.png",
  "white mucus on the nasopharynx": "3694c394-23af-4a9e-a02a-36f2fa999c19.png",
  "cerumen in the external auditory canal": "61647b88-9bf0-4d1d-86d2-2b1aa46c2a20.png",
  "the remaining part of the tympanic membrane is thickened": "ec73c8ae-3f76-47fb-a2e8-3e3c3a382a3d.png",
  "the external auditory canal is slightly erythematous": "e5f2502f-2537-44a8-95f7-7243427b6d3d.png",
  "incomplete glottic closure": "f63bf7e6-55ef-418d-b475-749999dfce5b.png",
  "the tympanic membrane is thickened": "0e0875fd-f7ca-40c0-b2e6-ad17ce777e22.png",
  "edema and erythema of the nasopharynx": "bdc91c45-c797-4374-813a-5a7379fa0221.png",
  "ethmoidectomy has been performed": "13826e13-c11a-4549-b861-9776c81dc4c0.png",
  "the tympanic membrane is not visualized": "9a299ef6-39e7-410c-92cb-37f95980a38d.png",
  "cerumen with superimposed fungal infection in the external auditory canal": "591d79b1-e162-46f6-b8a4-08aadb412318.png",
  "white ear discharge in the external auditory canal": "7e2fc64b-4abe-414c-b4a3-458524938742.png",
  "thick endolaryngeal mucus": "b9d85389-6fe0-4e9a-8372-ff18dffa538b.png",
  "enlargement of the uncinate process": "ba27a551-b9f6-48b3-8266-6488b8edd774.png",
  "edema of the interarytenoid area": "880ebb66-1efd-4dc3-a932-637ee82c44b5.png",
  "normal": "76b8ecd4-8f70-48bc-884e-fbfbdcdc2232.png",
  "toward the nasopharynx": "615659b3-f27e-4854-b920-341ad8eba88b.png",
  "nasal mucosa is pale": "5e62ae0c-21b7-4bc9-884d-c1625dc8f0c2.png",
  "White purulent discharge in the external auditory canal": "e877c9a7-977a-46b8-996f-bb5ee9b87d40.png",
  "mucus in the left pyriform sinus": "d840c07c-4578-49ff-b5e6-e492dc0471d4.png",
  "obscuring the tympanic membrane": "f0777c17-7c8e-4d96-b5d4-f39f9453a212.png",
  "mucus on the posterior wall of the oropharynx": "f219bf76-178a-4de2-a7e1-c277401355ab.png",
  "epithelial debris in the external auditory canal": "150008f6-4c3b-4b48-be41-65e0d5fc7764.png",
  "a thin scar in the anteroinferior quadrant": "9a059c4a-544f-48e4-ae74-91a68a8098f0.png",
  "the tympanic membrane is intact but slightly thickened posteriorly": "1530b080-6839-4aca-aa4f-8e8fa01e3fbc.png",
  "enlargement of the uncinate process and ethmoidal bulla": "4070f0fa-d2cf-410e-b371-31e16235549d.png",
  "foreign body (a hair) in the external auditory canal": "06c8bc6a-1692-417e-a3c6-c8d5d49090cb.png",
  "chronic tonsillitis": "9c5c80d8-136d-43db-9d31-a5f5da0ac0cc.png",
  "cerumen rests on the tympanic membrane": "c9d78a60-ccec-4804-b210-9cd71d965abb.png"
}